<?xml version="1.0" encoding="UTF-8" ?>
<!-- This is a WordPress eXtended RSS file generated by WordPress as an export of your site. -->
<!-- It contains information about your site's posts, pages, comments, categories, and other content. -->
<!-- You may use this file to transfer that content from one site to another. -->
<!-- This file is not intended to serve as a complete backup of your site. -->

<!-- To import this information into a WordPress site follow these steps: -->
<!-- 1. Log in to that site as an administrator. -->
<!-- 2. Go to Tools: Import in the WordPress admin panel. -->
<!-- 3. Install the "WordPress" importer from the list. -->
<!-- 4. Activate & Run Importer. -->
<!-- 5. Upload this file using the form provided on that page. -->
<!-- 6. You will first be asked to map the authors in this export file to users -->
<!--    on the site. For each author, you may choose to map to an -->
<!--    existing user on the site or to create a new user. -->
<!-- 7. WordPress will then import each of the posts, pages, comments, categories, etc. -->
<!--    contained in this file into your site. -->

	<!-- generator="WordPress/6.4.2" created="2024-02-13 02:59" -->
<rss version="2.0"
	xmlns:excerpt="http://wordpress.org/export/1.2/excerpt/"
	xmlns:content="http://purl.org/rss/1.0/modules/content/"
	xmlns:wfw="http://wellformedweb.org/CommentAPI/"
	xmlns:dc="http://purl.org/dc/elements/1.1/"
	xmlns:wp="http://wordpress.org/export/1.2/"
>

<channel>
	<title>CMS Class 2024</title>
	<link>http://cms-class-2024.local</link>
	<description></description>
	<pubDate>Tue, 13 Feb 2024 02:59:21 +0000</pubDate>
	<language>en-US</language>
	<wp:wxr_version>1.2</wp:wxr_version>
	<wp:base_site_url>http://cms-class-2024.local</wp:base_site_url>
	<wp:base_blog_url>http://cms-class-2024.local</wp:base_blog_url>

		<wp:author><wp:author_id>1</wp:author_id><wp:author_login><![CDATA[Aryaman200528539]]></wp:author_login><wp:author_email><![CDATA[aryamonbhatta123@gmail.com]]></wp:author_email><wp:author_display_name><![CDATA[Aryaman200528539]]></wp:author_display_name><wp:author_first_name><![CDATA[]]></wp:author_first_name><wp:author_last_name><![CDATA[]]></wp:author_last_name></wp:author>

		<wp:category>
		<wp:term_id>2</wp:term_id>
		<wp:category_nicename><![CDATA[aryamans-path-of-discovery]]></wp:category_nicename>
		<wp:category_parent><![CDATA[]]></wp:category_parent>
		<wp:cat_name><![CDATA[Aryaman's Path of Discovery]]></wp:cat_name>
<wp:category_description><![CDATA[Throughout his training, Aryaman's Learning Journey category documents his development both personally and academically. Aryaman offers reflections on the subjects he has studied, the difficulties he has encountered, and the knowledge he has gained by his writing. Aryaman gives an honest description of his path, covering everything from conquering challenges to grasping difficult ideas, providing fellow students with insightful information and motivation.]]></wp:category_description>
	</wp:category>
		<wp:category>
		<wp:term_id>4</wp:term_id>
		<wp:category_nicename><![CDATA[aryamans-prospects-for-the-future]]></wp:category_nicename>
		<wp:category_parent><![CDATA[]]></wp:category_parent>
		<wp:cat_name><![CDATA[Aryaman's Prospects for the Future]]></wp:cat_name>
<wp:category_description><![CDATA[Aryaman outlines his plans and aspirations for the future following graduation in the Future Goals category. Aryaman explains his goals for the future years, plans for additional schooling, and job aspirations with a strong sense of purpose and resolve. Whether seeking higher education, starting a business, or blazing a trail in the tech sector, Aryaman's posts provide insight into his goals for happiness and success. Through his relentless dedication to his aims, Aryaman encourages people to have bold dreams and purposefully follow their passions.]]></wp:category_description>
	</wp:category>
		<wp:category>
		<wp:term_id>3</wp:term_id>
		<wp:category_nicename><![CDATA[aryamans-showcase-of-achievement]]></wp:category_nicename>
		<wp:category_parent><![CDATA[]]></wp:category_parent>
		<wp:cat_name><![CDATA[Aryaman's Showcase of Achievement]]></wp:cat_name>
<wp:category_description><![CDATA[Under the Proud Projects category, Aryaman highlights some of his most noteworthy ventures and successes. Every piece explores a particular task or activity that Aryaman has given his all to, demonstrating his inventiveness, passion, and hard work. From coding projects to creative ventures, Aryaman shares the story behind each project, his role in its development, and why it holds special significance to him. Aryaman encourages readers to celebrate his accomplishments and find inspiration in his unwavering pursuit of perfection through his postings.]]></wp:category_description>
	</wp:category>
		<wp:category>
		<wp:term_id>1</wp:term_id>
		<wp:category_nicename><![CDATA[uncategorized]]></wp:category_nicename>
		<wp:category_parent><![CDATA[]]></wp:category_parent>
		<wp:cat_name><![CDATA[Uncategorized]]></wp:cat_name>
	</wp:category>
				
	<generator>https://wordpress.org/?v=6.4.2</generator>

		<item>
		<title><![CDATA[Hello world!]]></title>
		<link>http://cms-class-2024.local/hello-world/</link>
		<pubDate>Mon, 15 Jan 2024 18:18:23 +0000</pubDate>
		<dc:creator><![CDATA[Aryaman200528539]]></dc:creator>
		<guid isPermaLink="false">http://cms-class-2024.local/?p=1</guid>
		<description></description>
		<content:encoded><![CDATA[<!-- wp:paragraph -->
<p>Welcome to WordPress. This is your first post. Edit or delete it, then start writing!</p>
<!-- /wp:paragraph -->]]></content:encoded>
		<excerpt:encoded><![CDATA[]]></excerpt:encoded>
		<wp:post_id>1</wp:post_id>
		<wp:post_date><![CDATA[2024-01-15 18:18:23]]></wp:post_date>
		<wp:post_date_gmt><![CDATA[2024-01-15 18:18:23]]></wp:post_date_gmt>
		<wp:post_modified><![CDATA[2024-01-15 18:18:23]]></wp:post_modified>
		<wp:post_modified_gmt><![CDATA[2024-01-15 18:18:23]]></wp:post_modified_gmt>
		<wp:comment_status><![CDATA[open]]></wp:comment_status>
		<wp:ping_status><![CDATA[open]]></wp:ping_status>
		<wp:post_name><![CDATA[hello-world]]></wp:post_name>
		<wp:status><![CDATA[publish]]></wp:status>
		<wp:post_parent>0</wp:post_parent>
		<wp:menu_order>0</wp:menu_order>
		<wp:post_type><![CDATA[post]]></wp:post_type>
		<wp:post_password><![CDATA[]]></wp:post_password>
		<wp:is_sticky>0</wp:is_sticky>
										<category domain="category" nicename="uncategorized"><![CDATA[Uncategorized]]></category>
						<wp:comment>
			<wp:comment_id>1</wp:comment_id>
			<wp:comment_author><![CDATA[A WordPress Commenter]]></wp:comment_author>
			<wp:comment_author_email><![CDATA[wapuu@wordpress.example]]></wp:comment_author_email>
			<wp:comment_author_url>https://wordpress.org/</wp:comment_author_url>
			<wp:comment_author_IP><![CDATA[]]></wp:comment_author_IP>
			<wp:comment_date><![CDATA[2024-01-15 18:18:23]]></wp:comment_date>
			<wp:comment_date_gmt><![CDATA[2024-01-15 18:18:23]]></wp:comment_date_gmt>
			<wp:comment_content><![CDATA[Hi, this is a comment.
To get started with moderating, editing, and deleting comments, please visit the Comments screen in the dashboard.
Commenter avatars come from <a href="https://en.gravatar.com/">Gravatar</a>.]]></wp:comment_content>
			<wp:comment_approved><![CDATA[1]]></wp:comment_approved>
			<wp:comment_type><![CDATA[comment]]></wp:comment_type>
			<wp:comment_parent>0</wp:comment_parent>
			<wp:comment_user_id>0</wp:comment_user_id>
							</wp:comment>
					</item>
					<item>
		<title><![CDATA[Sample Page]]></title>
		<link>http://cms-class-2024.local/sample-page/</link>
		<pubDate>Mon, 15 Jan 2024 18:18:23 +0000</pubDate>
		<dc:creator><![CDATA[Aryaman200528539]]></dc:creator>
		<guid isPermaLink="false">http://cms-class-2024.local/?page_id=2</guid>
		<description></description>
		<content:encoded><![CDATA[<!-- wp:paragraph -->
<p>This is an example page. It's different from a blog post because it will stay in one place and will show up in your site navigation (in most themes). Most people start with an About page that introduces them to potential site visitors. It might say something like this:</p>
<!-- /wp:paragraph -->

<!-- wp:quote -->
<blockquote class="wp-block-quote"><p>Hi there! I'm a bike messenger by day, aspiring actor by night, and this is my website. I live in Los Angeles, have a great dog named Jack, and I like pi&#241;a coladas. (And gettin' caught in the rain.)</p></blockquote>
<!-- /wp:quote -->

<!-- wp:paragraph -->
<p>...or something like this:</p>
<!-- /wp:paragraph -->

<!-- wp:quote -->
<blockquote class="wp-block-quote"><p>The XYZ Doohickey Company was founded in 1971, and has been providing quality doohickeys to the public ever since. Located in Gotham City, XYZ employs over 2,000 people and does all kinds of awesome things for the Gotham community.</p></blockquote>
<!-- /wp:quote -->

<!-- wp:paragraph -->
<p>As a new WordPress user, you should go to <a href="http://cms-class-2024.local/wp-admin/">your dashboard</a> to delete this page and create new pages for your content. Have fun!</p>
<!-- /wp:paragraph -->]]></content:encoded>
		<excerpt:encoded><![CDATA[]]></excerpt:encoded>
		<wp:post_id>2</wp:post_id>
		<wp:post_date><![CDATA[2024-01-15 18:18:23]]></wp:post_date>
		<wp:post_date_gmt><![CDATA[2024-01-15 18:18:23]]></wp:post_date_gmt>
		<wp:post_modified><![CDATA[2024-01-15 18:18:23]]></wp:post_modified>
		<wp:post_modified_gmt><![CDATA[2024-01-15 18:18:23]]></wp:post_modified_gmt>
		<wp:comment_status><![CDATA[closed]]></wp:comment_status>
		<wp:ping_status><![CDATA[open]]></wp:ping_status>
		<wp:post_name><![CDATA[sample-page]]></wp:post_name>
		<wp:status><![CDATA[publish]]></wp:status>
		<wp:post_parent>0</wp:post_parent>
		<wp:menu_order>0</wp:menu_order>
		<wp:post_type><![CDATA[page]]></wp:post_type>
		<wp:post_password><![CDATA[]]></wp:post_password>
		<wp:is_sticky>0</wp:is_sticky>
														<wp:postmeta>
		<wp:meta_key><![CDATA[_wp_page_template]]></wp:meta_key>
		<wp:meta_value><![CDATA[default]]></wp:meta_value>
		</wp:postmeta>
							</item>
					<item>
		<title><![CDATA[Privacy Policy]]></title>
		<link>http://cms-class-2024.local/?page_id=3</link>
		<pubDate>Mon, 15 Jan 2024 18:18:23 +0000</pubDate>
		<dc:creator><![CDATA[Aryaman200528539]]></dc:creator>
		<guid isPermaLink="false">http://cms-class-2024.local/?page_id=3</guid>
		<description></description>
		<content:encoded><![CDATA[<!-- wp:heading --><h2>Who we are</h2><!-- /wp:heading --><!-- wp:paragraph --><p><strong class="privacy-policy-tutorial">Suggested text: </strong>Our website address is: http://cms-class-2024.local.</p><!-- /wp:paragraph --><!-- wp:heading --><h2>Comments</h2><!-- /wp:heading --><!-- wp:paragraph --><p><strong class="privacy-policy-tutorial">Suggested text: </strong>When visitors leave comments on the site we collect the data shown in the comments form, and also the visitor&#8217;s IP address and browser user agent string to help spam detection.</p><!-- /wp:paragraph --><!-- wp:paragraph --><p>An anonymized string created from your email address (also called a hash) may be provided to the Gravatar service to see if you are using it. The Gravatar service privacy policy is available here: https://automattic.com/privacy/. After approval of your comment, your profile picture is visible to the public in the context of your comment.</p><!-- /wp:paragraph --><!-- wp:heading --><h2>Media</h2><!-- /wp:heading --><!-- wp:paragraph --><p><strong class="privacy-policy-tutorial">Suggested text: </strong>If you upload images to the website, you should avoid uploading images with embedded location data (EXIF GPS) included. Visitors to the website can download and extract any location data from images on the website.</p><!-- /wp:paragraph --><!-- wp:heading --><h2>Cookies</h2><!-- /wp:heading --><!-- wp:paragraph --><p><strong class="privacy-policy-tutorial">Suggested text: </strong>If you leave a comment on our site you may opt-in to saving your name, email address and website in cookies. These are for your convenience so that you do not have to fill in your details again when you leave another comment. These cookies will last for one year.</p><!-- /wp:paragraph --><!-- wp:paragraph --><p>If you visit our login page, we will set a temporary cookie to determine if your browser accepts cookies. This cookie contains no personal data and is discarded when you close your browser.</p><!-- /wp:paragraph --><!-- wp:paragraph --><p>When you log in, we will also set up several cookies to save your login information and your screen display choices. Login cookies last for two days, and screen options cookies last for a year. If you select &quot;Remember Me&quot;, your login will persist for two weeks. If you log out of your account, the login cookies will be removed.</p><!-- /wp:paragraph --><!-- wp:paragraph --><p>If you edit or publish an article, an additional cookie will be saved in your browser. This cookie includes no personal data and simply indicates the post ID of the article you just edited. It expires after 1 day.</p><!-- /wp:paragraph --><!-- wp:heading --><h2>Embedded content from other websites</h2><!-- /wp:heading --><!-- wp:paragraph --><p><strong class="privacy-policy-tutorial">Suggested text: </strong>Articles on this site may include embedded content (e.g. videos, images, articles, etc.). Embedded content from other websites behaves in the exact same way as if the visitor has visited the other website.</p><!-- /wp:paragraph --><!-- wp:paragraph --><p>These websites may collect data about you, use cookies, embed additional third-party tracking, and monitor your interaction with that embedded content, including tracking your interaction with the embedded content if you have an account and are logged in to that website.</p><!-- /wp:paragraph --><!-- wp:heading --><h2>Who we share your data with</h2><!-- /wp:heading --><!-- wp:paragraph --><p><strong class="privacy-policy-tutorial">Suggested text: </strong>If you request a password reset, your IP address will be included in the reset email.</p><!-- /wp:paragraph --><!-- wp:heading --><h2>How long we retain your data</h2><!-- /wp:heading --><!-- wp:paragraph --><p><strong class="privacy-policy-tutorial">Suggested text: </strong>If you leave a comment, the comment and its metadata are retained indefinitely. This is so we can recognize and approve any follow-up comments automatically instead of holding them in a moderation queue.</p><!-- /wp:paragraph --><!-- wp:paragraph --><p>For users that register on our website (if any), we also store the personal information they provide in their user profile. All users can see, edit, or delete their personal information at any time (except they cannot change their username). Website administrators can also see and edit that information.</p><!-- /wp:paragraph --><!-- wp:heading --><h2>What rights you have over your data</h2><!-- /wp:heading --><!-- wp:paragraph --><p><strong class="privacy-policy-tutorial">Suggested text: </strong>If you have an account on this site, or have left comments, you can request to receive an exported file of the personal data we hold about you, including any data you have provided to us. You can also request that we erase any personal data we hold about you. This does not include any data we are obliged to keep for administrative, legal, or security purposes.</p><!-- /wp:paragraph --><!-- wp:heading --><h2>Where your data is sent</h2><!-- /wp:heading --><!-- wp:paragraph --><p><strong class="privacy-policy-tutorial">Suggested text: </strong>Visitor comments may be checked through an automated spam detection service.</p><!-- /wp:paragraph -->]]></content:encoded>
		<excerpt:encoded><![CDATA[]]></excerpt:encoded>
		<wp:post_id>3</wp:post_id>
		<wp:post_date><![CDATA[2024-01-15 18:18:23]]></wp:post_date>
		<wp:post_date_gmt><![CDATA[2024-01-15 18:18:23]]></wp:post_date_gmt>
		<wp:post_modified><![CDATA[2024-01-15 18:18:23]]></wp:post_modified>
		<wp:post_modified_gmt><![CDATA[2024-01-15 18:18:23]]></wp:post_modified_gmt>
		<wp:comment_status><![CDATA[closed]]></wp:comment_status>
		<wp:ping_status><![CDATA[open]]></wp:ping_status>
		<wp:post_name><![CDATA[privacy-policy]]></wp:post_name>
		<wp:status><![CDATA[draft]]></wp:status>
		<wp:post_parent>0</wp:post_parent>
		<wp:menu_order>0</wp:menu_order>
		<wp:post_type><![CDATA[page]]></wp:post_type>
		<wp:post_password><![CDATA[]]></wp:post_password>
		<wp:is_sticky>0</wp:is_sticky>
														<wp:postmeta>
		<wp:meta_key><![CDATA[_wp_page_template]]></wp:meta_key>
		<wp:meta_value><![CDATA[default]]></wp:meta_value>
		</wp:postmeta>
							</item>
					<item>
		<title><![CDATA[Navigation]]></title>
		<link>http://cms-class-2024.local/navigation/</link>
		<pubDate>Mon, 15 Jan 2024 18:19:34 +0000</pubDate>
		<dc:creator><![CDATA[]]></dc:creator>
		<guid isPermaLink="false">http://cms-class-2024.local/navigation/</guid>
		<description></description>
		<content:encoded><![CDATA[<!-- wp:page-list /-->]]></content:encoded>
		<excerpt:encoded><![CDATA[]]></excerpt:encoded>
		<wp:post_id>4</wp:post_id>
		<wp:post_date><![CDATA[2024-01-15 18:19:34]]></wp:post_date>
		<wp:post_date_gmt><![CDATA[2024-01-15 18:19:34]]></wp:post_date_gmt>
		<wp:post_modified><![CDATA[2024-01-15 18:19:34]]></wp:post_modified>
		<wp:post_modified_gmt><![CDATA[2024-01-15 18:19:34]]></wp:post_modified_gmt>
		<wp:comment_status><![CDATA[closed]]></wp:comment_status>
		<wp:ping_status><![CDATA[closed]]></wp:ping_status>
		<wp:post_name><![CDATA[navigation]]></wp:post_name>
		<wp:status><![CDATA[publish]]></wp:status>
		<wp:post_parent>0</wp:post_parent>
		<wp:menu_order>0</wp:menu_order>
		<wp:post_type><![CDATA[wp_navigation]]></wp:post_type>
		<wp:post_password><![CDATA[]]></wp:post_password>
		<wp:is_sticky>0</wp:is_sticky>
														</item>
					<item>
		<title><![CDATA[Homepage Ver 2]]></title>
		<link>http://cms-class-2024.local/homepage-ver-2/</link>
		<pubDate>Mon, 15 Jan 2024 18:56:31 +0000</pubDate>
		<dc:creator><![CDATA[Aryaman200528539]]></dc:creator>
		<guid isPermaLink="false">http://cms-class-2024.local/?page_id=6</guid>
		<description></description>
		<content:encoded><![CDATA[Hello World!!

[wpforms id="12" title="false"]]]></content:encoded>
		<excerpt:encoded><![CDATA[]]></excerpt:encoded>
		<wp:post_id>6</wp:post_id>
		<wp:post_date><![CDATA[2024-01-15 18:56:31]]></wp:post_date>
		<wp:post_date_gmt><![CDATA[2024-01-15 18:56:31]]></wp:post_date_gmt>
		<wp:post_modified><![CDATA[2024-01-15 18:56:35]]></wp:post_modified>
		<wp:post_modified_gmt><![CDATA[2024-01-15 18:56:35]]></wp:post_modified_gmt>
		<wp:comment_status><![CDATA[closed]]></wp:comment_status>
		<wp:ping_status><![CDATA[closed]]></wp:ping_status>
		<wp:post_name><![CDATA[homepage-ver-2]]></wp:post_name>
		<wp:status><![CDATA[publish]]></wp:status>
		<wp:post_parent>0</wp:post_parent>
		<wp:menu_order>0</wp:menu_order>
		<wp:post_type><![CDATA[page]]></wp:post_type>
		<wp:post_password><![CDATA[]]></wp:post_password>
		<wp:is_sticky>0</wp:is_sticky>
														<wp:postmeta>
		<wp:meta_key><![CDATA[_edit_last]]></wp:meta_key>
		<wp:meta_value><![CDATA[1]]></wp:meta_value>
		</wp:postmeta>
							<wp:postmeta>
		<wp:meta_key><![CDATA[_wp_page_template]]></wp:meta_key>
		<wp:meta_value><![CDATA[default]]></wp:meta_value>
		</wp:postmeta>
							</item>
					<item>
		<title><![CDATA[Homepage]]></title>
		<link>http://cms-class-2024.local/?post_type=acf-field-group&#038;p=15</link>
		<pubDate>Mon, 15 Jan 2024 19:03:02 +0000</pubDate>
		<dc:creator><![CDATA[Aryaman200528539]]></dc:creator>
		<guid isPermaLink="false">http://cms-class-2024.local/?post_type=acf-field-group&#038;p=15</guid>
		<description></description>
		<content:encoded><![CDATA[a:8:{s:8:"location";a:1:{i:0;a:1:{i:0;a:3:{s:5:"param";s:4:"page";s:8:"operator";s:2:"==";s:5:"value";s:1:"6";}}}s:8:"position";s:6:"normal";s:5:"style";s:7:"default";s:15:"label_placement";s:3:"top";s:21:"instruction_placement";s:5:"label";s:14:"hide_on_screen";s:0:"";s:11:"description";s:0:"";s:12:"show_in_rest";i:0;}]]></content:encoded>
		<excerpt:encoded><![CDATA[homepage]]></excerpt:encoded>
		<wp:post_id>15</wp:post_id>
		<wp:post_date><![CDATA[2024-01-15 19:03:02]]></wp:post_date>
		<wp:post_date_gmt><![CDATA[2024-01-15 19:03:02]]></wp:post_date_gmt>
		<wp:post_modified><![CDATA[2024-01-15 19:03:02]]></wp:post_modified>
		<wp:post_modified_gmt><![CDATA[2024-01-15 19:03:02]]></wp:post_modified_gmt>
		<wp:comment_status><![CDATA[closed]]></wp:comment_status>
		<wp:ping_status><![CDATA[closed]]></wp:ping_status>
		<wp:post_name><![CDATA[group_65a5807531745]]></wp:post_name>
		<wp:status><![CDATA[publish]]></wp:status>
		<wp:post_parent>0</wp:post_parent>
		<wp:menu_order>0</wp:menu_order>
		<wp:post_type><![CDATA[acf-field-group]]></wp:post_type>
		<wp:post_password><![CDATA[]]></wp:post_password>
		<wp:is_sticky>0</wp:is_sticky>
														<wp:postmeta>
		<wp:meta_key><![CDATA[_edit_last]]></wp:meta_key>
		<wp:meta_value><![CDATA[1]]></wp:meta_value>
		</wp:postmeta>
							</item>
					<item>
		<title><![CDATA[Masthead title]]></title>
		<link>http://cms-class-2024.local/?post_type=acf-field&#038;p=16</link>
		<pubDate>Mon, 15 Jan 2024 19:03:02 +0000</pubDate>
		<dc:creator><![CDATA[Aryaman200528539]]></dc:creator>
		<guid isPermaLink="false">http://cms-class-2024.local/?post_type=acf-field&#038;p=16</guid>
		<description></description>
		<content:encoded><![CDATA[a:11:{s:10:"aria-label";s:0:"";s:4:"type";s:4:"text";s:12:"instructions";s:0:"";s:8:"required";i:0;s:17:"conditional_logic";i:0;s:7:"wrapper";a:3:{s:5:"width";s:0:"";s:5:"class";s:0:"";s:2:"id";s:0:"";}s:13:"default_value";s:0:"";s:9:"maxlength";s:0:"";s:11:"placeholder";s:0:"";s:7:"prepend";s:0:"";s:6:"append";s:0:"";}]]></content:encoded>
		<excerpt:encoded><![CDATA[masthead_title]]></excerpt:encoded>
		<wp:post_id>16</wp:post_id>
		<wp:post_date><![CDATA[2024-01-15 19:03:02]]></wp:post_date>
		<wp:post_date_gmt><![CDATA[2024-01-15 19:03:02]]></wp:post_date_gmt>
		<wp:post_modified><![CDATA[2024-01-15 19:03:02]]></wp:post_modified>
		<wp:post_modified_gmt><![CDATA[2024-01-15 19:03:02]]></wp:post_modified_gmt>
		<wp:comment_status><![CDATA[closed]]></wp:comment_status>
		<wp:ping_status><![CDATA[closed]]></wp:ping_status>
		<wp:post_name><![CDATA[field_65a58076ebdf9]]></wp:post_name>
		<wp:status><![CDATA[publish]]></wp:status>
		<wp:post_parent>15</wp:post_parent>
		<wp:menu_order>0</wp:menu_order>
		<wp:post_type><![CDATA[acf-field]]></wp:post_type>
		<wp:post_password><![CDATA[]]></wp:post_password>
		<wp:is_sticky>0</wp:is_sticky>
														</item>
					<item>
		<title><![CDATA[Personal Achievements]]></title>
		<link>http://cms-class-2024.local/personal-achievements/</link>
		<pubDate>Tue, 13 Feb 2024 02:53:11 +0000</pubDate>
		<dc:creator><![CDATA[Aryaman200528539]]></dc:creator>
		<guid isPermaLink="false">http://cms-class-2024.local/?p=18</guid>
		<description></description>
		<content:encoded><![CDATA[One of Aryaman's significant accomplishments is being consistently recognized on the Dean's List for his outstanding academic performance. This prestigious accolade is a testament to Aryaman's unwavering dedication, intellectual curiosity, and commitment to excellence in his studies.]]></content:encoded>
		<excerpt:encoded><![CDATA[]]></excerpt:encoded>
		<wp:post_id>18</wp:post_id>
		<wp:post_date><![CDATA[2024-02-13 02:53:11]]></wp:post_date>
		<wp:post_date_gmt><![CDATA[2024-02-13 02:53:11]]></wp:post_date_gmt>
		<wp:post_modified><![CDATA[2024-02-13 02:53:11]]></wp:post_modified>
		<wp:post_modified_gmt><![CDATA[2024-02-13 02:53:11]]></wp:post_modified_gmt>
		<wp:comment_status><![CDATA[open]]></wp:comment_status>
		<wp:ping_status><![CDATA[open]]></wp:ping_status>
		<wp:post_name><![CDATA[personal-achievements]]></wp:post_name>
		<wp:status><![CDATA[publish]]></wp:status>
		<wp:post_parent>0</wp:post_parent>
		<wp:menu_order>0</wp:menu_order>
		<wp:post_type><![CDATA[post]]></wp:post_type>
		<wp:post_password><![CDATA[]]></wp:post_password>
		<wp:is_sticky>0</wp:is_sticky>
										<category domain="category" nicename="uncategorized"><![CDATA[Uncategorized]]></category>
						<wp:postmeta>
		<wp:meta_key><![CDATA[_edit_last]]></wp:meta_key>
		<wp:meta_value><![CDATA[1]]></wp:meta_value>
		</wp:postmeta>
							<wp:postmeta>
		<wp:meta_key><![CDATA[_wp_page_template]]></wp:meta_key>
		<wp:meta_value><![CDATA[default]]></wp:meta_value>
		</wp:postmeta>
							</item>
					<item>
		<title><![CDATA[Project showcase]]></title>
		<link>http://cms-class-2024.local/project-showcase/</link>
		<pubDate>Tue, 13 Feb 2024 02:55:04 +0000</pubDate>
		<dc:creator><![CDATA[Aryaman200528539]]></dc:creator>
		<guid isPermaLink="false">http://cms-class-2024.local/?p=20</guid>
		<description></description>
		<content:encoded><![CDATA[Aryaman's third-semester Mirror Project provides evidence of his inventiveness, originality, and technical proficiency. Aryaman's creative project not only demonstrates his technical proficiency but also his ability to go beyond the box and push the limits of conventional project notions.]]></content:encoded>
		<excerpt:encoded><![CDATA[]]></excerpt:encoded>
		<wp:post_id>20</wp:post_id>
		<wp:post_date><![CDATA[2024-02-13 02:55:04]]></wp:post_date>
		<wp:post_date_gmt><![CDATA[2024-02-13 02:55:04]]></wp:post_date_gmt>
		<wp:post_modified><![CDATA[2024-02-13 02:55:04]]></wp:post_modified>
		<wp:post_modified_gmt><![CDATA[2024-02-13 02:55:04]]></wp:post_modified_gmt>
		<wp:comment_status><![CDATA[open]]></wp:comment_status>
		<wp:ping_status><![CDATA[open]]></wp:ping_status>
		<wp:post_name><![CDATA[project-showcase]]></wp:post_name>
		<wp:status><![CDATA[publish]]></wp:status>
		<wp:post_parent>0</wp:post_parent>
		<wp:menu_order>0</wp:menu_order>
		<wp:post_type><![CDATA[post]]></wp:post_type>
		<wp:post_password><![CDATA[]]></wp:post_password>
		<wp:is_sticky>0</wp:is_sticky>
										<category domain="category" nicename="uncategorized"><![CDATA[Uncategorized]]></category>
						<wp:postmeta>
		<wp:meta_key><![CDATA[_edit_last]]></wp:meta_key>
		<wp:meta_value><![CDATA[1]]></wp:meta_value>
		</wp:postmeta>
							<wp:postmeta>
		<wp:meta_key><![CDATA[_wp_page_template]]></wp:meta_key>
		<wp:meta_value><![CDATA[default]]></wp:meta_value>
		</wp:postmeta>
							</item>
					<item>
		<title><![CDATA[Learning Reflection]]></title>
		<link>http://cms-class-2024.local/learning-reflection/</link>
		<pubDate>Tue, 13 Feb 2024 02:56:14 +0000</pubDate>
		<dc:creator><![CDATA[Aryaman200528539]]></dc:creator>
		<guid isPermaLink="false">http://cms-class-2024.local/?p=22</guid>
		<description></description>
		<content:encoded><![CDATA[Aryaman's educational journey is evidence of his everlasting commitment, voracious curiosity, and unrelenting quest for knowledge. Aryaman has shown a strong dedication to broadening his perspectives, questioning his presumptions, and seizing fresh chances for personal growth and development throughout his academic pursuits.]]></content:encoded>
		<excerpt:encoded><![CDATA[]]></excerpt:encoded>
		<wp:post_id>22</wp:post_id>
		<wp:post_date><![CDATA[2024-02-13 02:56:14]]></wp:post_date>
		<wp:post_date_gmt><![CDATA[2024-02-13 02:56:14]]></wp:post_date_gmt>
		<wp:post_modified><![CDATA[2024-02-13 02:56:14]]></wp:post_modified>
		<wp:post_modified_gmt><![CDATA[2024-02-13 02:56:14]]></wp:post_modified_gmt>
		<wp:comment_status><![CDATA[open]]></wp:comment_status>
		<wp:ping_status><![CDATA[open]]></wp:ping_status>
		<wp:post_name><![CDATA[learning-reflection]]></wp:post_name>
		<wp:status><![CDATA[publish]]></wp:status>
		<wp:post_parent>0</wp:post_parent>
		<wp:menu_order>0</wp:menu_order>
		<wp:post_type><![CDATA[post]]></wp:post_type>
		<wp:post_password><![CDATA[]]></wp:post_password>
		<wp:is_sticky>0</wp:is_sticky>
										<category domain="category" nicename="uncategorized"><![CDATA[Uncategorized]]></category>
						<wp:postmeta>
		<wp:meta_key><![CDATA[_edit_last]]></wp:meta_key>
		<wp:meta_value><![CDATA[1]]></wp:meta_value>
		</wp:postmeta>
							<wp:postmeta>
		<wp:meta_key><![CDATA[_wp_page_template]]></wp:meta_key>
		<wp:meta_value><![CDATA[default]]></wp:meta_value>
		</wp:postmeta>
							</item>
				</channel>
</rss>
	